id,title,Company,location,date_posted
3929886024,Junior Data Scientist,Jooble,"London, England, United Kingdom",2024-05-18
3929884102,Machine Learning Engineer - Remote - £120K,Jooble,"London, England, United Kingdom",2024-05-18
3929878966,Data Scientist,Jooble,"London, England, United Kingdom",2024-05-18
3929881782,Machine Learning Engineer (LLM),Jooble,"London, England, United Kingdom",2024-05-18
3929887175,Machine Learning Engineer,Jooble,"London, England, United Kingdom",2024-05-18
3929882647,Data Scientist,Jooble,"London, England, United Kingdom",2024-05-18
3929884461,"Data Scientist, AI/ML",Jooble,"London, England, United Kingdom",2024-05-18
3929878840,Data Science Expert (Computer Vision),Jooble,"London, England, United Kingdom",2024-05-18
3930021880,Data Scientist,Jooble,"London, England, United Kingdom",2024-05-19
3930067290,Gen AI Consultant,Jooble,"London, England, United Kingdom",2024-05-19
3929881740,Data Scientist - Luxury Retail,Jooble,"London, England, United Kingdom",2024-05-18
3929888243,Data Analyst,Jooble,"London, England, United Kingdom",2024-05-18
3930063477,Data Analyst,Jooble,"London, England, United Kingdom",2024-05-19
3929883505,Quantitative / Machine Learning Researcher at one of the most well-paid multi-strat Quant firms,Jooble,"London, England, United Kingdom",2024-05-18
3929888111,Data Analyst,Jooble,"London, England, United Kingdom",2024-05-18
3930065391,Data Analyst,Jooble,"London, England, United Kingdom",2024-05-19
3929570304,"Research Assistant in the Department of Social, Genetic & Dev Psychiatry",King's College London,"London, England, United Kingdom",2024-05-18
3928139184,Data Analyst (Credit Risk),iwoca,"London, England, United Kingdom",2024-05-19
3929878831,Graduate Data Engineer,Jooble,"London, England, United Kingdom",2024-05-18
3929886200,Data Scientist | Behavioural | PR and Comms,Jooble,"London, England, United Kingdom",2024-05-18
3929887142,Generative AI Engineer,Jooble,"London, England, United Kingdom",2024-05-18
3929882225,Insights Analyst,Jooble,"London, England, United Kingdom",2024-05-18
3929883106,Junior Software Developer,Jooble,"London, England, United Kingdom",2024-05-18
3929882486,"Frontend Engineer | Latest AI/ML/LLM Tech | Up to £120,000 per annum",Jooble,"London, England, United Kingdom",2024-05-18
3929888064,Python Developer,Jooble,"London, England, United Kingdom",2024-05-18
3929886171,Python Developer,Jooble,"London, England, United Kingdom",2024-05-18
3929883371,Customer Data Scientist - 12 month FTC,Jooble,"London, England, United Kingdom",2024-05-18
3929883128,Lead Data Scientist,Jooble,"London, England, United Kingdom",2024-05-18
3929882197,Customer Data Analyst,Jooble,"London, England, United Kingdom",2024-05-18
3929879863,Software Engineer - Python,Jooble,"London, England, United Kingdom",2024-05-18
3929882572,Statistician,Jooble,"London, England, United Kingdom",2024-05-18
3929883292,Python Developer,Jooble,"London, England, United Kingdom",2024-05-18
3929879806,Decision Analyst,Jooble,"London, England, United Kingdom",2024-05-18
3929887009,Junior Software Engineer,Jooble,"London, England, United Kingdom",2024-05-18
3924630119,Junior Developer,Jobs via eFinancialCareers,"London, England, United Kingdom",2024-05-19
3930064426,"Data Engineer - DBT, Python, SQL - Leading Hedge Fund - up to £250,000 total compensation",Jooble,"London, England, United Kingdom",2024-05-19
3916909674,Junior Art Director,Klick,"London, England, United Kingdom",2024-05-19
3929877253,iOS Software Developer,Trinnovo Group | B Corp™,"London, England, United Kingdom",2024-05-18
3929884376,ML/LLVM Compiler Engineer,Jooble,"London, England, United Kingdom",2024-05-18
3929878834,Data Engineer,Jooble,"London, England, United Kingdom",2024-05-19
3848282987,Python Engineer- Global Quant Firm,Jobs via eFinancialCareers,"London, England, United Kingdom",2024-05-18
3929888212,2024 Graduate Software Developer - Elite Startup (up to £80K + Bonus + Hybrid),Jooble,"London, England, United Kingdom",2024-05-18
3929884369,Quantitative Modeler,Jooble,"London, England, United Kingdom",2024-05-18
3929884379,Cloud / AI Engineer,Jooble,"London, England, United Kingdom",2024-05-19
3929743159,¡Únete a nuestro equipo como Pasante de UX/UI en Rock and Art UK!,Rock and Art - UK,"London, England, United Kingdom",2024-05-19
3929749461,Data Scientist (Commodities),ClickJobs.io,"London, England, United Kingdom",2024-05-19
3930344143,Technical Business Analyst Sustainability,ecocareers,"London, England, United Kingdom",2024-05-18
3929883235,Marketing Analyst,Jooble,"London, England, United Kingdom",2024-05-18
3929885222,Data Processing Programmer,Jooble,"London, England, United Kingdom",2024-05-18
3929879834,Software Development Engineer in Test,Jooble,"London, England, United Kingdom",2024-05-18
3929887053,Data Engineer,Jooble,"London, England, United Kingdom",2024-05-18
3929883520,Software Engineer,Jooble,"London, England, United Kingdom",2024-05-18
3929885333,Python Software Engineer - No financial experience required - Tell us what compensation you'll need,Jooble,"London, England, United Kingdom",2024-05-18
3929888087,Digital Analyst,Jooble,"London, England, United Kingdom",2024-05-18
3929887056,Data Engineer,Jooble,"London, England, United Kingdom",2024-05-18
3929885452,Data Engineer,Jooble,"City Of London, England, United Kingdom",2024-05-18
3929885232,Algorithmic Trader,Jooble,"London, England, United Kingdom",2024-05-18
3929883358,Data Engineer - Energy & Commodities Group - London,Jooble,"London, England, United Kingdom",2024-05-18
3929884213,Data Manager,Jooble,"London, England, United Kingdom",2024-05-18
3929871937,Android Developer,Trinnovo Group | B Corp™,"London, England, United Kingdom",2024-05-18
3929886171,Python Developer,Jooble,"London, England, United Kingdom",2024-05-18
3929883371,Customer Data Scientist - 12 month FTC,Jooble,"London, England, United Kingdom",2024-05-18
3929883128,Lead Data Scientist,Jooble,"London, England, United Kingdom",2024-05-18
3929882197,Customer Data Analyst,Jooble,"London, England, United Kingdom",2024-05-18
3929879863,Software Engineer - Python,Jooble,"London, England, United Kingdom",2024-05-18
3929882572,Statistician,Jooble,"London, England, United Kingdom",2024-05-18
3929883292,Python Developer,Jooble,"London, England, United Kingdom",2024-05-18
3929879806,Decision Analyst,Jooble,"London, England, United Kingdom",2024-05-19
3929887009,Junior Software Engineer,Jooble,"London, England, United Kingdom",2024-05-18
3924630119,Junior Developer,Jobs via eFinancialCareers,"London, England, United Kingdom",2024-05-18
3929887053,Data Engineer,Jooble,"London, England, United Kingdom",2024-05-18
3929883520,Software Engineer,Jooble,"London, England, United Kingdom",2024-05-18
3929885333,Python Software Engineer - No financial experience required - Tell us what compensation you'll need,Jooble,"London, England, United Kingdom",2024-05-18
3929888087,Digital Analyst,Jooble,"London, England, United Kingdom",2024-05-18
3929887056,Data Engineer,Jooble,"London, England, United Kingdom",2024-05-18
3929885452,Data Engineer,Jooble,"City Of London, England, United Kingdom",2024-05-18
3929885232,Algorithmic Trader,Jooble,"London, England, United Kingdom",2024-05-18
3929883358,Data Engineer - Energy & Commodities Group - London,Jooble,"London, England, United Kingdom",2024-05-18
3929871937,Android Developer,Trinnovo Group | B Corp™,"London, England, United Kingdom",2024-05-18
3929884213,Data Manager,Jooble,"London, England, United Kingdom",2024-05-18
3929880942,Software Engineer,Jooble,"London, England, United Kingdom",2024-05-19
3929880926,Software Engineer,Jooble,"London, England, United Kingdom",2024-05-19
3929887294,Frontend Developer (Wordpress),Jooble,"London, England, United Kingdom",2024-05-18
3930066306,Software Engineer,Jooble,"London, England, United Kingdom",2024-05-18
3924086967,Forward Deployed Engineer,Hexis International,"London, England, United Kingdom",2024-05-19
3929885464,Software Engineer,Jooble,"London, England, United Kingdom",2024-05-18
3929884452,Software Engineer,Jooble,"London, England, United Kingdom",2024-05-18
3930345108,Sustainability Consultant,ecocareers,"London, England, United Kingdom",2024-05-18
3929881639,"Frontend leaning Software Engineer - Renewable Energy Company - Vue OR React - £65,000",Jooble,"London, England, United Kingdom",2024-05-19
3929881377,SDT Researcher,Jooble,"London, England, United Kingdom",2024-05-18
3929568228,Design ops specialist,Oil and Gas Job Search Ltd,"London, England, United Kingdom",2024-05-18
3929747394,Data Engineer,ClickJobs.io,"London, England, United Kingdom",2024-05-19
3929886110,Full Stack Engineer,Jooble,"London, England, United Kingdom",2024-05-18
3929883373,Economic Models Software Developer - Must have Economic Models experience,Jooble,"London, England, United Kingdom",2024-05-19
3924621896,PRU Teaching Assistant,GSL Education,"Barking And Dagenham, England, United Kingdom",2024-05-19
3929878817,"Front-end Developer (TypeScript, React.js)",Jooble,"City Of London, England, United Kingdom",2024-05-19
3924625270,SEN teaching assistant,GSL Education,"Havering, England, United Kingdom",2024-05-18
3924624315,SEN Teaching Assistant,GSL Education,"London, England, United Kingdom",2024-05-19
3924622653,PRU Teaching Assistant,GSL Education,"Hackney, England, United Kingdom",2024-05-19
3929874377,Teaching Assistant,Reeson Education,"Wandsworth, England, United Kingdom",2024-05-18
3929882630,Azure Data Engineer,Jooble,"London, England, United Kingdom",2024-05-18
3929746530,Frontend Developer,ClickJobs.io,"London, England, United Kingdom",2024-05-19
3929877256,Teaching Assistant,Reeson Education,"London, England, United Kingdom",2024-05-18
3929745681,Frontend Developer,ClickJobs.io,"London, England, United Kingdom",2024-05-18
3929877195,Higher Level Teaching Assistant,Reeson Education,"Lambeth, England, United Kingdom",2024-05-18
3929885150,Embedded Software Engineer,Jooble,"London, England, United Kingdom",2024-05-18
3929887209,Application Support Engineer,Jooble,"London, England, United Kingdom",2000-01-01
3929871877,Teaching Assistant,Reeson Education,"Deptford, England, United Kingdom",2000-01-01
3929870767,Teaching Assistant,Reeson Education,"London, England, United Kingdom",2000-01-01
3924080930,Graduate Teaching Assistant,SANZA Teaching Agency,"London, England, United Kingdom",2000-01-01
3929882130,Low Latency Software Engineer,Jooble,"London, England, United Kingdom",2000-01-01
3929886052,Quantitative Credit Risk Advisory - Manager,Jooble,"London, England, United Kingdom",2000-01-01
3929878009,Teaching Assistant,Reeson Education,"London, England, United Kingdom",2000-01-01
3929569203,Data Integration Specialist,Oil and Gas Job Search Ltd,"London, England, United Kingdom",2000-01-01
3929882589,Graduate Marketing Executive - Music Industry - £25k,Jooble,"London, England, United Kingdom",2000-01-01
3929870903,Teaching Assistant,Reeson Education,"London, England, United Kingdom",2000-01-01
